<?xml version="1.0" encoding="UTF-8"?>
<!DOCTYPE hibernate-configuration PUBLIC "-//Hibernate/Hibernate Configuration DTD 3.0//EN" "http://hibernate.org/dtd/hibernate-configuration-3.0.dtd">

<hibernate-configuration>

	<session-factory>

		<!-- configurations -->
		<property name="connection.pool_size">1</property>
		<property name="dialect">org.hibernate.dialect.SQLServerDialect</property>
		<property name="hibernate.enable_lazy_load_no_trans">true</property>
		<property name="show_sql">true</property>
		<property name="hibernate.cache.use_second_level_cache">false</property>

		<!-- Mapping classes -->
		<mapping class="com.ducont.core.model.BillerCategory" />
		<mapping class="com.ducont.core.model.BillerCategoryLite" />
		<mapping class="com.ducont.core.model.Biller" />
		<mapping class="com.ducont.core.model.BillerLite" />
		<mapping class="com.ducont.core.model.Wallet" />
		<mapping class="com.ducont.core.model.PaymentFrequency" />
		<mapping class="com.ducont.core.model.ErrorMessages" />
		<mapping class="com.ducont.core.model.SystemInfo" />
		<mapping class="com.ducont.core.model.CustomerToken" />
		<mapping class="com.ducont.core.model.UserSession" />
		<mapping class="com.ducont.core.model.TransLog" />
		<mapping class="com.ducont.core.model.TransHistory" />
		<mapping class="com.ducont.core.model.HostLog" />
		<mapping class="com.ducont.core.model.AuditLog" />
		<mapping class="com.ducont.core.model.ServiceMgmt" />
		
	</session-factory>

</hibernate-configuration>